SECID,SHORTNAME,SECNAME,ISIN,PREVPRICE,LOTSIZE,FACEVALUE,FACEUNIT,PREVDATE
ABIO,iАРТГЕН ао,"ПАО ""Артген""",RU000A0JNAB6,83.74,10,0.1,SUR,2025-04-04
ABRD,АбрауДюрсо,Абрау-Дюрсо ПАО ао,RU000A0JS5T7,181.0,10,1.0,SUR,2025-04-04
AFKS,Система ао,"АФК ""Система"" ПАО ао",RU000A0DQZE3,15.671,100,0.09,SUR,2025-04-04
AFLT,Аэрофлот,Аэрофлот-росс.авиалин(ПАО)ао,RU0009062285,66.46,10,1.0,SUR,2025-04-04
AGRO,AGRO-гдр,ГДР ROS AGRO PLC ORD SHS,US7496552057,1083.8,1,0.0,USD,2025-04-04
AKRN,Акрон,Акрон ПАО ао,RU0009028674,16116.0,1,5.0,SUR,2025-04-04
ALRS,АЛРОСА ао,АЛРОСА ПАО ао,RU0007252813,48.81,10,0.5,SUR,2025-04-04
AMEZ,АшинскийМЗ,Ашинский метзавод ПАО ао,RU000A0B88G6,68.05,100,1.0,SUR,2025-04-04
APRI,АПРИ,АПРИ,RU000A108LJ5,13.77,10,1.0,SUR,2025-04-04
APTK,Аптеки36и6,"ПАО ""Аптечная сеть 36,6"" ао",RU0008081765,10.498,10,0.64,SUR,2025-04-04
AQUA,ИНАРКТИКА,ПАО ИНАРКТИКА,RU000A0JQTS3,672.5,1,100.0,SUR,2025-04-04
ARSA,Арсагера,УК Арсагера ПАО-ао,RU000A0JP0Q7,10.6,100,1.0,SUR,2025-04-04
ASSB,АстрЭнСб,"""Астраханская ЭСК"" ПАО",RU000A0D8MM8,1.725,1000,0.007,SUR,2025-04-04
ASTR,Астра ао,Группа Астра ао,RU000A106T36,406.85,1,0.05,SUR,2025-04-04
AVAN,Авангрд-ао,"АКБ ""АВАНГАРД"" ПАО ао",RU000A0DM7B3,740.0,1,30.0,SUR,2025-04-04
BANE,Башнефт ао,Башнефть АНК ао,RU0007976957,2212.5,1,1.0,SUR,2025-04-04
BANEP,Башнефт ап,Башнефть АНК ап,RU0007976965,1139.5,1,1.0,SUR,2025-04-04
BELU,НоваБев ао,НоваБев Групп ПАО ао,RU000A0HL5M1,508.5,1,100.0,SUR,2025-04-04
BISVP,БашИнСв ап,Башинформсвязь(ПАО) ап,RU0009100176,9.1,100,1.0,SUR,2025-04-04
BLNG,Белон ао,Белон ОАО ао,RU000A0J2QG8,15.22,100,0.01,SUR,2025-04-04
BRZL,БурЗолото,Бурятзолото ПАО ао,RU0009288658,1812.0,1,0.025,SUR,2025-04-04
BSPB,БСП ао,"ПАО ""Банк ""Санкт-Петербург"" ао",RU0009100945,382.25,10,1.0,SUR,2025-04-04
BSPBP,БСП ап,Банк Санкт-Петербург ап,RU000A0JP0U9,72.5,100,1.0,SUR,2025-04-04
CARM,СТГ,СТГ ао,RU000A105NV2,1.532,100,1.0,SUR,2025-04-04
CBOM,МКБ ао,"""МКБ"" ПАО ао",RU000A0JUG31,8.053,100,1.0,SUR,2025-04-04
CHGZ,РН-ЗапСиб,РН-Западная Сибирь ПАО ао,RU0009082291,97.0,10,0.1,SUR,2025-04-04
CHKZ,ЧКПЗ ао,"""ЧКПЗ"" ПАО ао",RU000A0JNST0,18650.0,1,200.0,SUR,2025-04-04
CHMF,СевСт-ао,Северсталь (ПАО)ао,RU0009046510,1081.4,1,0.01,SUR,2025-04-04
CHMK,ЧМК ао,"""ЧМК"" ПАО ао",RU0007665170,5190.0,1,1.0,SUR,2025-04-04
CNRU,ЦИАН,"МКПАО ""ЦИАН""",RU000A10ANA1,555.8,1,0.0337,SUR,2025-04-04
CNTL,Телеграф,"""Центральный Телеграф"" ПАО ао",RU0007665147,10.2,100,1.0,SUR,2025-04-04
CNTLP,Телеграф-п,"""Центральный Телеграф"" ПАО ап",RU0007665139,7.2,100,1.0,SUR,2025-04-04
DATA,iАренадата,Группа Аренадата,RU000A108ZR8,128.68,1,0.05,SUR,2025-04-04
DELI,iКаршеринг,Каршеринг Руссия ао,RU000A107J11,182.95,1,0.000625,SUR,2025-04-04
DIAS,iДиасофт,Диасофт ао,RU000A107ER5,3285.0,1,0.01,SUR,2025-04-04
DIOD,ЗаводДИОД,Завод ДИОД ПАО ао,RU000A0JQWC1,11.2,100,0.01,SUR,2025-04-04
DVEC,ДЭК ао,"""ДЭК"" ПАО ао",RU000A0JP2W1,2.188,1000,1.0,SUR,2025-04-04
DZRD,ДонскЗР,Донской завод радиодеталей ао,RU000A0JQW11,3950.0,1,1.0,SUR,2025-04-04
DZRDP,ДонскЗР п,Донской завод радиодеталей ап,RU000A0JQW29,2760.0,1,1.0,SUR,2025-04-04
EELT,ЕвроЭлтех,"""ЕвропЭлектротехника"" ПАО ао",RU000A0JWW54,13.2,10,1.0,SUR,2025-04-04
ELFV,ЭЛ5Энер ао,"""ЭЛ5-Энерго"" ПАО",RU000A0F5UN3,0.494,1000,1.0,SUR,2025-04-04
ELMT,Элемент,Элемент,RU000A102093,0.13875,1000,0.05,SUR,2025-04-04
ENPG,ЭН+ГРУП ао,МКПАО ЭН+ ГРУП ао,RU000A100K72,463.25,1,7e-05,USD,2025-04-04
ETLN,ETLN-гдр,ГДР ETALON GROUP PLC ORD SHS,US29760G1031,61.22,1,0.0,USD,2025-04-04
EUTR,ЕвроТранс,ЕвроТранс ао,RU000A1002V2,120.45,1,0.05,SUR,2025-04-04
FEES,Россети,"""ФСК - Россети"" ПАО",RU000A0JPNN9,0.07016,10000,0.5,SUR,2025-04-04
FESH,ДВМП ао,ДВ морское пароходство ПАО ао,RU0008992318,55.17,10,1.0,SUR,2025-04-04
FIXP,FIXP-гдр,ГДР FixPrice Group PLC ORD SHS,US33835G2057,159.3,1,0.0,USD,2025-04-04
FLOT,Совкомфлот,Совкомфлот ао,RU000A0JXNU8,85.61,10,1.0,SUR,2025-04-04
GAZA,ГАЗ ао,ГАЗ ПАО ао,RU0009034268,719.0,10,1.0,SUR,2025-04-04
GAZAP,ГАЗ ап,ГАЗ ПАО ап,RU000A0ZYHF5,442.5,10,1.0,SUR,2025-04-04
GAZC,ГАЗКОН-ао,ГАЗКОН (ПАО) ао,RU000A0JQG86,659.0,10,10.0,SUR,2025-04-04
GAZP,ГАЗПРОМ ао,"""Газпром"" (ПАО) ао",RU0007661625,126.7,10,5.0,SUR,2025-04-04
GAZS,ГАЗ-сервис,ГАЗ-сервис (ПАО) ао,RU000A0JQG78,839.0,10,10.0,SUR,2025-04-04
GAZT,ГАЗ-Тек ао,ГАЗ-Тек ПАО ао,RU000A0JS199,1739.0,10,100.0,SUR,2025-04-04
GCHE,ЧеркизГ-ао,Группа Черкизово ПАО-ао,RU000A0JL4R1,4109.0,1,0.01,SUR,2025-04-04
GECO,iГЕНЕТИКО,ЦГРМ ГЕНЕТИКО ао,RU000A105BN4,28.3,10,0.01,SUR,2025-04-04
GEMA,iММЦБ ао,ПАО ММЦБ ао,RU000A100GC7,125.1,10,0.01,SUR,2025-04-04
GEMC,МКПАО ЮМГ,Юнайтед Медикал Груп ПАО,RU000A107JE2,770.8,1,0.03721404,SUR,2025-04-04
GMKN,ГМКНорНик,"ГМК ""Нор.Никель"" ПАО ао",RU0007288411,110.9,10,0.01,SUR,2025-04-04
GTRK,ГТМ ао,"ПАО ""ГТМ"" ао",RU000A0ZYD22,230.3,10,100.0,SUR,2025-04-04
HEAD,Хэдхантер,МКПАО Хэдхантер,RU000A107662,3088.0,1,1.0,SUR,2025-04-04
HIMCP,Химпром ап,Химпром ПАО ап,RU0009099006,21.4,100,1.0,SUR,2025-04-04
HNFG,ХЭНДЕРСОН,ХЭНДЕРСОН ао,RU000A106XF2,578.2,1,50.0,SUR,2025-04-04
HYDR,РусГидро,"ПАО ""РусГидро""",RU000A0JPKH7,0.4616,1000,1.0,SUR,2025-04-04
IGST,Ижсталь2ао,Ижсталь ПАО ао 2в.,RU0002155292,6440.0,1,1000.0,SUR,2025-04-04
IGSTP,Ижсталь ап,Ижсталь ПАО ап,RU0002155300,4450.0,1,1000.0,SUR,2025-04-04
INGR,ИНГРАД ао,ИНГРАД ПАО ао,RU000A0DJ9B4,1636.0,1,1000.0,SUR,2025-04-04
IRAO,ИнтерРАОао,"""Интер РАО"" ПАО ао",RU000A0JPNM1,3.519,100,2.809767,SUR,2025-04-04
IRKT,Яковлев-3,"""Яковлев"" ПАО ак.об.-3",RU0006752979,31.84,100,3.0,SUR,2025-04-04
IVAT,iИВА,ПАО ИВА ао,RU000A108GD8,162.65,1,0.1,SUR,2025-04-04
JNOS,Славн-ЯНОС,Славнефть-ЯНОС (ПАО) ао,RU0009100895,17.75,100,1.0,SUR,2025-04-04
JNOSP,Слав-ЯНОСп,Славнефть-ЯНОС (ПАО) ап,RU0009101927,10.8,100,1.0,SUR,2025-04-04
KAZT,Куйбазот,Куйбышевазот ПАО ао,RU000A0B9BV2,487.4,10,1.0,SUR,2025-04-04
KAZTP,Куйбазот-п,Куйбышевазот ПАО ап,RU000A0B9BW0,493.0,10,1.0,SUR,2025-04-04
KBSB,ТНСэКубань,ТНС энерго Кубань ПАО ао,RU000A0JNJ11,431.0,10,0.56,SUR,2025-04-04
KCHE,КамчатЭ ао,Камчатскэнерго ПАО ао,RU0006753498,0.479,10000,0.1,SUR,2025-04-04
KCHEP,КамчатЭ ап,Камчатскэнерго ПАО ап,RU0006753480,0.835,10000,0.1,SUR,2025-04-04
KGKC,КурганГКао,Курганская генер.комп.ПАО ао,RU000A0JP120,42.2,10,7.2,SUR,2025-04-04
KGKCP,КурганГКап,Курганская генер. комп. ПАО ап,RU000A0JP138,51.0,10,7.2,SUR,2025-04-04
KLSB,КалужскСК,"ао""Калужская сбыт.комп.""ПАО",RU000A0DKZK3,21.99,100,0.2,SUR,2025-04-04
KLVZ,Кристалл,Алкогольная Группа Кристалл,RU000A107KX0,3.79,100,0.01,SUR,2025-04-04
KMAZ,КАМАЗ,КАМАЗ ПАО,RU0008959580,107.0,10,50.0,SUR,2025-04-04
KMEZ,КМЗ,Ковровский механический завод,RU0006753613,1196.0,1,250.0,SUR,2025-04-04
KOGK,КоршГОК ао,Коршуновский ГОК ПАО ао,RU0002155359,39000.0,1,1.0,SUR,2025-04-04
KRKN,СаратНПЗ,Саратовский НПЗ ПАО ао,RU0009100408,9450.0,1,1.0,SUR,2025-04-04
KRKNP,СаратНПЗ-п,Саратовский НПЗ ПАО ап,RU0009100416,7800.0,1,1.0,SUR,2025-04-04
KRKOP,ТКЗКК ап,ТКЗ Красный котельщик ПАО ап,RU0009098131,13.62,100,1.0,SUR,2025-04-04
KROT,КрасОкт-ао,"""КрасныйОктябрь"" ПАО - ао",RU0008913850,1545.0,10,1.0,SUR,2025-04-04
KROTP,КрасОкт-1п,КрасныйОктябрь-1п,RU0008913868,479.0,10,1.0,SUR,2025-04-04
KRSB,Красэсб ао,Красноярскэнергосбыт ао,RU000A0HMLY1,15.5,100,0.02,SUR,2025-04-04
KRSBP,Красэсб ап,Красноярскэнергосбыт ап,RU000A0HMLZ8,15.98,100,0.02,SUR,2025-04-04
KUZB,КузнецкийБ,"Банк ""Кузнецкий"" ПАО ао",RU000A0JSQ66,0.035,10000,0.01,SUR,2025-04-04
KZOS,ОргСинт ао,"ПАО ""Органический синтез"" ао",RU0009089825,79.2,10,1.0,SUR,2025-04-04
KZOSP,ОргСинт ап,"ПАО ""Органический синтез"" ап",RU0006753456,20.36,10,1.0,SUR,2025-04-04
LEAS,Европлан,ПАО «ЛК «Европлан»,RU000A0ZZFS9,659.7,1,1.0,SUR,2025-04-04
LENT,Лента ао,Лента МКПАО ао,RU000A102S15,1476.5,1,0.0912632,SUR,2025-04-04
LIFE,Фармсинтез,Фармсинтез ПАО ао,RU000A0JR514,3.655,100,5.0,SUR,2025-04-04
LKOH,ЛУКОЙЛ,НК ЛУКОЙЛ (ПАО) - ао,RU0009024277,6445.5,1,0.025,SUR,2025-04-04
LMBZ,Ламбумиз,Ламбумиз,RU000A108ZX6,543.0,1,0.025,SUR,2025-04-04
LNZL,Лензолото,"""Лензолото"" ПАО ао",RU000A0JP1N2,12930.0,1,1.0,SUR,2025-04-04
LNZLP,Лензол. ап,"""Лензолото"" ПАО ап",RU000A0JP1P7,1810.0,1,1.0,SUR,2025-04-04
LPSB,ЛЭСК ао,Липецкая энергосбыт.ком.ОАО ао,RU000A0D8MR7,63.0,100,0.22,SUR,2025-04-04
LSNG,РСетиЛЭ,Россети Ленэнерго ПАО-ао,RU0009034490,14.07,100,1.0,SUR,2025-04-04
LSNGP,РСетиЛЭ-п,Россети Ленэнерго ПАО-ап,RU0009092134,198.0,10,1.0,SUR,2025-04-04
LSRG,ЛСР ао,Группа ЛСР ПАО ао,RU000A0JPFP0,843.0,1,0.25,SUR,2025-04-04
LVHK,Левенгук,Левенгук ПАО ао,RU000A0JT7Y2,29.25,100,10.0,SUR,2025-04-04
MAGE,МагадЭн ао,"""Магаданэнерго"" ПАО ао",RU0006758919,3.13,100,1.0,SUR,2025-04-04
MAGEP,МагадЭн ап,"""Магаданэнерго"" ПАО ап",RU0006758893,2.36,100,1.0,SUR,2025-04-04
MAGN,ММК,"""Магнитогорск.мет.комб"" ПАО ао",RU0009084396,33.075,10,1.0,SUR,2025-04-04
MBNK,МТС Банк,МТС-Банк ао,RU000A0JRH43,1382.0,1,500.0,SUR,2025-04-04
MDMG,MDMG-ао,МКПАО «МД Медикал Груп»,RU000A108KL3,996.2,1,7.16872,SUR,2025-04-04
MFGS,Мегион-ао,"ао ""Славнефть-Мегионнефтегаз""",RU0009011126,361.0,10,25.0,SUR,2025-04-04
MFGSP,Мегион-ап,ап Мегионнефтегаз,RU0009011134,250.5,10,25.0,SUR,2025-04-04
MGKL,МГКЛ,МГКЛ ао,RU000A0JVJQ8,2.464,100,0.01,SUR,2025-04-04
MGNT,Магнит ао,"""Магнит"" ПАО ао",RU000A0JKQU8,4415.5,1,0.01,SUR,2025-04-04
MGNZ,СМЗ-ао,Соликамский магн.завод(ОАО)ао,RU0009100911,7440.0,1,0.25,SUR,2025-04-04
MGTS,МГТС-5ао,"ПАО ""МГТС"" ао (5 в)",RU0009036461,1185.0,1,40.0,SUR,2025-04-04
MGTSP,МГТС-4ап,"ПАО ""МГТС"" ап (4 в)",RU0009036479,846.0,1,40.0,SUR,2025-04-04
MISB,ТНСэнМарЭл,ТНС энерго Марий Эл ПАО ао,RU000A0D8K33,51.0,100,0.1,SUR,2025-04-04
MISBP,ТНСэМаЭл-п,ТНС энерго Марий Эл ПАО ап,RU000A0D8K41,46.5,100,0.1,SUR,2025-04-04
MOEX,МосБиржа,ПАО Московская Биржа,RU000A0JR4A1,194.9,10,1.0,SUR,2025-04-04
MRKC,РоссЦентр,"ПАО ""Россети Центр"" ао",RU000A0JPPL8,0.535,1000,0.1,SUR,2025-04-04
MRKK,Россети СК,Россети Сев. Кавказ ао,RU000A0JPPQ7,17.54,10,1.0,SUR,2025-04-04
MRKP,РСетиЦП ао,Россети Центр и Приволжье ао,RU000A0JPN96,0.3656,10000,0.1,SUR,2025-04-04
MRKS,РсетСиб ао,Россети Сибирь ао,RU000A0JPPF0,0.537,1000,0.1,SUR,2025-04-04
MRKU,Россети Ур,Россети Урал (ПАО) ао,RU000A0JPPT1,0.3686,10000,0.1,SUR,2025-04-04
MRKV,РсетВол ао,Россети Волга ао,RU000A0JPPN4,0.06835,10000,0.1,SUR,2025-04-04
MRKY,РоссЮг ао,Россети Юг  (ПАО) ао,RU000A0JPPG8,0.0725,10000,0.1,SUR,2025-04-04
MRKZ,РСетиСЗ ао,ПАО Россети Северо-Запад ао,RU000A0JPPB9,0.0582,10000,0.1,SUR,2025-04-04
MRSB,МордЭнСб,Мордовск.энергсбыт.комп.ПАО ао,RU000A0D9AJ7,0.736,10000,0.0136,SUR,2025-04-04
MSNG,+МосЭнерго,МосЭнерго акции обыкн.,RU0008958863,2.1235,1000,1.0,SUR,2025-04-04
MSRS,РСетиМР ао,ПАО Россети Моск.рег. ао,RU000A0ET7Y7,1.146,1000,0.5,SUR,2025-04-04
MSTT,Мостотрест,"ПАО ""МОСТОТРЕСТ"" ао",RU0009177331,129.2,10,0.14,SUR,2025-04-04
MTLR,Мечел ао,Мечел ПАО ао,RU000A0DKXV5,98.28,1,10.0,SUR,2025-04-04
MTLRP,Мечел ап,Мечел ПАО ап,RU000A0JPV70,100.5,10,10.0,SUR,2025-04-04
MTSS,МТС-ао,Мобильные ТелеСистемы ПАО ао,RU0007775219,209.05,10,0.1,SUR,2025-04-04
MVID,М.видео,"""М.видео"" ПАО ао",RU000A0JPGA0,110.05,1,10.0,SUR,2025-04-04
NAUK,iНПОНаука,НПО Наука ао,RU000A0JRPX9,526.0,10,0.2,SUR,2025-04-04
NFAZ,НЕФАЗ,НЕФАЗ ПАО ао,RU0009115604,359.0,10,1.0,SUR,2025-04-04
NKHP,НКХП ао,НКХП ПАО ао,RU000A0BLWD7,835.0,10,1.0,SUR,2025-04-04
NKNC,НКНХ ао,"""Нижнекамскнефтехим"" ПАО ао",RU0009100507,91.95,10,1.0,SUR,2025-04-04
NKNCP,НКНХ ап,"""Нижнекамскнефтехим"" ПАО ап",RU0006765096,71.14,10,1.0,SUR,2025-04-04
NKSH,Нижкамшина,Нижнекамскшина ПАО ао,RU0009100515,47.15,100,1.0,SUR,2025-04-04
NLMK,НЛМК ао,"ПАО ""НЛМК"" ао",RU0009046452,129.28,10,1.0,SUR,2025-04-04
NMTP,НМТП ао,НМТП (ПАО) ао,RU0009084446,9.175,100,0.01,SUR,2025-04-04
NNSB,ТНСэнНН ао,ТНС энерго Нижний Новг.ПАО ао,RU000A0ET5A1,3570.0,1,11.88,SUR,2025-04-04
NNSBP,ТНСэнНН ап,ТНС энерго Нижний Новг.ПАО ап,RU000A0ET5B9,1222.0,1,11.88,SUR,2025-04-04
NSVZ,iНаукаСвяз,Наука-Связь ПАО ао,RU000A0JQLB6,332.5,10,1.0,SUR,2025-04-04
NVTK,Новатэк ао,"ПАО ""НОВАТЭК"" ао",RU000A0DKVS5,1145.4,1,0.1,SUR,2025-04-04
OGKB,ОГК-2 ао,ОГК-2 ПАО ао,RU000A0JNG55,0.3378,1000,0.3627,SUR,2025-04-04
OKEY,OKEY-гдр,ГДР OKEY Group S.A. ORD SHS,US6708662019,30.39,10,0.0,USD,2025-04-04
OMZZP,ОМЗ-ап,"ап""Объединён.  маш. заводы""",RU0009090559,12620.0,1,0.1,SUR,2025-04-04
OZON,OZON-адр,АДР Ozon Holdings PLC ORD SHS,US69269L1044,3486.5,1,0.0,USD,2025-04-04
OZPH,iОзонФарм,Озон Фармацевтика,RU000A109B25,51.08,10,0.02,SUR,2025-04-04
PAZA,ПавлАвт ао,Павловский автобус ПАО ао,RU0009083240,12260.0,1,415.0,SUR,2025-04-04
PHOR,ФосАгро ао,ФосАгро ПАО ао,RU000A0JRKT8,5827.0,1,2.5,SUR,2025-04-04
PIKK,ПИК ао,ПИК СЗ (ПАО) ао,RU000A0JP7J7,493.8,1,62.5,SUR,2025-04-04
PLZL,Полюс,Полюс ПАО ао,RU000A0JNAA8,1741.2,1,0.1,SUR,2025-04-04
PMSB,ПермьЭнСб,"""Пермэнергосбыт"" ПАО ао",RU000A0ET123,240.3,10,3.25,SUR,2025-04-04
PMSBP,ПермьЭнС-п,"""Пермэнергосбыт"" ПАО ап",RU000A0ET156,252.6,10,3.25,SUR,2025-04-04
POSI,iПозитив,Группа Позитив ао,RU000A103X66,1254.2,1,0.5,SUR,2025-04-04
PRFN,ЧЗПСН ао,ЧЗПСН-Профнастил (ПАО) ао,RU000A0JNXF9,4.358,100,0.1,SUR,2025-04-04
PRMB,Приморье,"АКБ ""Приморье"" ао",RU000A0DPNQ5,31200.0,1,1000.0,SUR,2025-04-04
PRMD,ПРОМОМЕД,ПРОМОМЕД,RU000A108JF7,382.05,1,1.0,SUR,2025-04-04
QIWI,iNanduQPLC,NanduQ PLC,US74735M1080,165.8,1,0.0,USD,2025-04-04
RAGR,Русагро,Группа Русагро,RU000A0JQUZ6,141.5,1,2.5,SUR,2025-04-04
RASP,Распадская,ПАО Распадская ао,RU000A0B90N8,249.1,10,0.004,SUR,2025-04-04
RBCM,ГК РБК ао,ГК РБК ПАО ао,RU000A0JR6A6,12.95,100,0.00064,SUR,2025-04-04
RDRB,РДБанк ао,РоссийскийДорож Банк ПАО ао,RU000A0JU6Q7,150.0,10,124.0,SUR,2025-04-04
RENI,Ренессанс,Ренессанс Страхование ао,RU000A0ZZM04,113.0,10,9.88,SUR,2025-04-04
RGSS,РГС СК ао,Росгосстрах СК ПАО ао,RU0008010855,0.25,1000,0.03,SUR,2025-04-04
RKKE,ЭнергияРКК,РКК Энергия им.С.П.Королева ао,RU0009095939,27180.0,1,1000.0,SUR,2025-04-04
RNFT,РуссНфт ао,РуссНефть НК ПАО ао,RU000A0JSE60,131.0,1,0.5,SUR,2025-04-04
ROLO,Русолово,"""Русолово"" ПАО ао",RU000A0JU1B0,0.655,1000,0.1,SUR,2025-04-04
ROSN,Роснефть,ПАО НК Роснефть,RU000A0J2Q06,441.3,1,0.01,SUR,2025-04-04
ROST,РОСИНТЕРао,РОСИНТЕР РЕСТОРАНТС (ПАО),RU000A0JP922,124.0,10,169.7,SUR,2025-04-04
RTGZ,ГР Ростов,Газпром газорасп Р-н-Д ПАО ао,RU000A0JPG04,54600.0,1,2000.0,SUR,2025-04-04
RTKM,Ростел -ао,Ростелеком (ПАО) ао.,RU0008943394,59.37,10,0.0025,SUR,2025-04-04
RTKMP,Ростел -ап,Ростелеком (ПАО) ап.,RU0009046700,53.45,10,0.0025,SUR,2025-04-04
RTSB,ТНСэнРст,ТНС энерго Ростов. ПАО ао,RU000A0D8PB4,2.79,1000,0.02,SUR,2025-04-04
RTSBP,ТНСэнРст-п,ТНС энерго Ростов. ПАО ап,RU000A0D8PC2,1.264,1000,0.02,SUR,2025-04-04
RUAL,РУСАЛ ао,РУСАЛ ОК МКПАО ао,RU000A1025V3,34.17,10,0.656517,SUR,2025-04-04
RUSI,ИКРУСС-ИНВ,РУСС-ИНВЕСТ ИК ПАО ао,RU000A0JQ9W5,72.4,10,1.0,SUR,2025-04-04
RZSB,РязЭнСб,"""Рязанская энергосб.комп"" ПАО",RU000A0D9AF5,30.92,100,0.05,SUR,2025-04-04
SAGO,СамарЭн-ао,Самараэнерго (ПАО) - ао,RU0009098255,2.935,1000,0.25,SUR,2025-04-04
SAGOP,СамарЭн-ап,Самараэнерго (ПАО) - ап,RU0009084495,3.0,1000,0.01,SUR,2025-04-04
SARE,СаратЭн-ао,Саратовэнерго(ПАО)-ао,RU0009100754,0.45,10000,0.02,SUR,2025-04-04
SAREP,СаратЭн-ап,Саратовэнерго(ПАО)-ап,RU0009100762,0.249,10000,0.02113,SUR,2025-04-04
SBER,Сбербанк,Сбербанк России ПАО ао,RU0009029540,285.35,10,3.0,SUR,2025-04-04
SBERP,Сбербанк-п,Сбербанк России ПАО ап,RU0009029557,284.85,10,3.0,SUR,2025-04-04
SELG,Селигдар,"ПАО ""Селигдар""  ао",RU000A0JPR50,48.84,10,1.0,SUR,2025-04-04
SFIN,ЭсЭфАй ао,ЭсЭфАй ПАО ао,RU000A0JVW89,1351.8,1,0.67,SUR,2025-04-04
SGZH,Сегежа,Сегежа ао,RU000A102XG9,1.49,100,0.1,SUR,2025-04-04
SIBN,Газпрнефть,Газпром нефть ПАО ао,RU0009062467,543.45,1,0.0016,SUR,2025-04-04
SLEN,Сахэнер ао,"ПАО ""Сахалинэнерго"" ао",RU0009280465,3.27,100,10.0,SUR,2025-04-04
SMLT,Самолет ао,ГК Самолет ао,RU000A0ZZG02,1116.0,1,25.0,SUR,2025-04-04
SNGS,Сургнфгз,Сургутнефтегаз ПАО акции об.,RU0008926258,23.09,100,1.0,SUR,2025-04-04
SNGSP,Сургнфгз-п,Сургутнефтегаз ПАО ап,RU0009029524,52.91,10,1.0,SUR,2025-04-04
SOFL,iСофтлайн,Софтлайн ао,RU000A0ZZBC2,102.04,10,0.001499992500037,SUR,2025-04-04
SPBE,СПБ Биржа,СПБ Биржа ао,RU000A0JQ9P9,250.3,1,3.75,SUR,2025-04-04
STSB,СтаврЭнСб,Ставрополэнергосбыт ПАО ао,RU000A0ET1W4,3.86,1000,0.0048,SUR,2025-04-04
STSBP,СтаврЭнСбп,Ставрополэнергосбыт ПАО ап,RU000A0ET1Z7,4.34,1000,0.0048,SUR,2025-04-04
SVAV,СОЛЛЕРС,"ПАО ""СОЛЛЕРС""",RU0006914488,672.5,1,12.5,SUR,2025-04-04
SVCB,Совкомбанк,Совкомбанк ао,RU000A0ZZAC4,15.455,100,0.1,SUR,2025-04-04
SVET,Светофор,Светофор Групп ао,RU000A100592,16.35,1,1.0,SUR,2025-04-04
SVETP,Светофор п,Светофор Групп ап,RU000A1005A9,22.3,1,1.0,SUR,2025-04-04
T,Т-Техно ао,Т-Технологии МКПАО ао,RU000A107UL4,3040.0,1,3.639384,SUR,2025-04-04
TASB,ТамбЭнСб,"ао""Тамбов.энергсбыт.комп.""ПАО",RU000A0D8NG8,1.37,1000,0.02,SUR,2025-04-04
TASBP,ТамбЭнСб-п,"ап""Тамбов.энергсбыт.комп.""ПАО",RU000A0D8NH6,0.87,10000,0.02,SUR,2025-04-04
TATN,Татнфт 3ао,"ПАО ""Татнефть"" ао",RU0009033591,618.2,1,1.0,SUR,2025-04-04
TATNP,Татнфт 3ап,"ПАО ""Татнефть"" ап 3 вып.",RU0006944147,598.8,1,1.0,SUR,2025-04-04
TGKA,ТГК-1,"ао ПАО ""ТГК-1""",RU000A0JNUD0,0.006726,100000,0.01,SUR,2025-04-04
TGKB,ТГК-2,"ао ПАО ""ТГК-2""",RU000A0JNGS7,0.006815,1000000,0.01,SUR,2025-04-04
TGKBP,ТГК-2 ап,"ап ПАО ""ТГК-2""",RU000A0JNGT5,0.01032,100000,0.01,SUR,2025-04-04
TGKN,ТГК-14,"ао ПАО ""ТГК-14""",RU000A0H1ES3,0.0077,100000,0.001,SUR,2025-04-04
TNSE,ТНСэнрг ао,"ПАО ГК ""ТНС энерго"" ао",RU000A0JUCQ5,2170.0,1,1.0,SUR,2025-04-04
TORS,РСТомск ао,"ао ПАО ""Россети Томск""",RU000A0ETZF2,0.602,10000,0.4916,SUR,2025-04-04
TORSP,РСТомск ап,"ап ПАО ""Россети Томск""",RU000A0ETZM8,0.449,10000,0.4916,SUR,2025-04-04
TRMK,ТМК ао,ПАО ТМК,RU000A0B6NK6,111.96,10,10.0,SUR,2025-04-04
TRNFP,Транснф ап,Транснефть ПАО акц.пр.,RU0009091573,1208.4,1,0.01,SUR,2025-04-04
TTLK,Таттел. ао,"""Таттелеком"" ПАО ао",RU000A0HM5C1,0.6905,1000,0.1,SUR,2025-04-04
TUZA,ТЗА ао,Туймаз. завод автобетоновозов,RU000A0HL7A2,185.5,10,10.0,SUR,2025-04-04
UGLD,ЮГК,ЮГК,RU000A0JPP37,0.6755,1000,0.001,SUR,2025-04-04
UKUZ,ЮжКузб. ао,Южный Кузбасс ПАО ао,RU0005294775,1080.0,1,0.04,SUR,2025-04-04
UNAC,iАвиастКао,Об.авиастр.корп. ПАО ао,RU000A0JPLZ7,0.58,1000,0.27,SUR,2025-04-04
UNKL,ЮУНК ао,Южно-Уральский никел. комб. ао,RU0004887991,5510.0,1,1.0,SUR,2025-04-04
UPRO,Юнипро ао,Юнипро ПАО ао,RU000A0JNGA5,1.727,1000,0.4,SUR,2025-04-04
URKZ,УрКузница,"ПАО ""Уральская кузница"" ао",RU000A0JPFY2,35700.0,1,1.0,SUR,2025-04-04
USBN,УралСиб ао,БАНК УРАЛСИБ ПАО ао,RU0006929536,0.165,10000,0.1,SUR,2025-04-04
UTAR,ЮТэйр ао,"Авиакомпания ""ЮТэйр"" (ПАО) ао",RU0007661385,12.71,100,1.0,SUR,2025-04-04
UWGN,ОВК ао,ПАО НПК ОВК ао,RU000A0JVBT9,43.54,1,1.0,SUR,2025-04-04
VEON-RX,VEON,VEON Ltd. ORD SHS,BMG9349W1038,96.2,10,0.001,USD,2025-04-04
VGSB,ВолгЭнСб,"""Волгоград.энергосбыткомп"" ПАО",RU000A0D8L73,11.05,1000,0.12,SUR,2025-04-04
VGSBP,ВолгЭнСб-п,"""Волгоград.энергосбыткомп"" ПАО",RU000A0D8L57,10.6,1000,0.12,SUR,2025-04-04
VJGZ,Варьеган,ННК-Варьеганнефтегаз ПАО ао,RU0009046460,2435.0,1,0.1,SUR,2025-04-04
VJGZP,Варьеган-п,ННК-Варьеганнефтегаз ПАО ап,RU0007964789,1550.0,1,0.1,SUR,2025-04-04
VKCO,"МКПАО ""ВК""",Международная компания ПАО ВК,RU000A106YF0,263.4,1,0.000450595,SUR,2025-04-04
VLHZ,ВХЗ-ао,Владимирский химич.з-д(ПАО) ао,RU0007984761,199.2,10,20.0,SUR,2025-04-04
VRSB,ТНСэнВорон,ТНС энерго Воронеж ПАО ао,RU000A0DPG67,408.5,10,0.4,SUR,2025-04-04
VRSBP,ТНСэнВор-п,ТНС энерго Воронеж ПАО ап,RU000A0DPG75,137.2,10,0.4,SUR,2025-04-04
VSEH,ВИ.ру,ВИ.ру,RU000A108K09,97.55,1,0.01,SUR,2025-04-04
VSMO,ВСМПО-АВСМ,Корп. ВСМПО-АВИСМА (ПАО) ао,RU0009100291,31240.0,1,1.0,SUR,2025-04-04
VSYD,ВыбСудЗ ао,Выборгский Суд.Завод ПАО ао,RU0006334372,12100.0,1,0.5,SUR,2025-04-04
VSYDP,ВыбСудЗ ап,Выборгский Суд.Завод ПАО ап,RU0006334380,8600.0,1,0.5,SUR,2025-04-04
VTBR,ВТБ ао,ао ПАО Банк ВТБ,RU000A0JP5V6,72.25,1,50.0,SUR,2025-04-04
WTCM,ЦМТ ао,"""Центр междун. торговли""ПАО ао",RU0008137070,13.04,100,1.0,SUR,2025-04-04
WTCMP,ЦМТ ап,"""Центр междун. торговли""ПАО ап",RU0008137088,11.46,100,1.0,SUR,2025-04-04
WUSH,iВУШХолднг,ВУШ Холдинг ао,RU000A105EX7,188.78,1,0.01,SUR,2025-04-04
X5,КЦ ИКС 5,Корпоративный центр ИКС 5,RU000A108X38,3246.5,1,1164.26,SUR,2025-04-04
YAKG,ЯТЭК ао,Якутская топл.-энерг. комп. ао,RU0007796819,61.8,10,1.0,SUR,2025-04-04
YDEX,ЯНДЕКС,МКПАО ЯНДЕКС,RU000A107T19,4088.0,1,0.4,SUR,2025-04-04
YKEN,Якутскэнрг,"АК ""Якутскэнерго"" (ПАО) ао",RU0009257075,0.495,10000,2.22,SUR,2025-04-04
YKENP,Якутскэн-п,"АК ""Якутскэнерго"" (ПАО) ап",RU0007796827,0.394,10000,2.22,SUR,2025-04-04
YRSB,ТНСэнЯр,ТНС энерго Ярославль ПАО ао,RU000A0D8760,736.0,10,1.0,SUR,2025-04-04
YRSBP,ТНСэнЯр-п,ТНС энерго Ярославль ПАО ап,RU000A0D88B3,182.5,10,1.0,SUR,2025-04-04
ZAYM,Займер ао,Займер ао,RU000A107RM8,141.45,10,0.1,SUR,2025-04-04
ZILL,ЗИЛ ао,Завод им. И.А.Лихачева ПАО ао,RU0009086193,3735.0,1,1000.0,SUR,2025-04-04
ZVEZ,ЗВЕЗДА ао,ЗВЕЗДА ПАО ао,RU0009091300,7.82,1000,0.1,SUR,2025-04-04
